joint_probs_baseline, joint_probs_unroll8, joint_probs_avx_fma_acc4
46053.6, 38364.2, 38213.6
181593, 129450, 111080
744526, 476051, 190216
3.07446e+06, 1.91307e+06, 641103
1.2403e+07, 7.30916e+06, 2.1062e+06
5.04102e+07, 2.86916e+07, 7.48826e+06
2.01361e+08, 1.14298e+08, 2.86921e+07
8.11713e+08, 4.634e+08, 1.14756e+08
3.31586e+09, 1.94651e+09, 4.6924e+08
1.33809e+10, 7.97645e+09, 1.95226e+09
5.36173e+10, 3.2132e+10, 7.99453e+09